{
    "20000": {
        "1": {
            "static": 1.726435,
            "dynamic": 1.751113,
            "guided": 1.733544
        },
        "2": {
            "static": 0.867569,
            "dynamic": 0.871641,
            "guided": 0.868109
        },
        "4": {
            "static": 0.43948,
            "dynamic": 0.440546,
            "guided": 0.441335
        },
        "6": {
            "static": 0.295068,
            "dynamic": 0.312966,
            "guided": 0.302075
        },
        "8": {
            "static": 0.267825,
            "dynamic": 0.228659,
            "guided": 0.273638
        },
        "10": {
            "static": 0.32235,
            "dynamic": 0.21723,
            "guided": 0.243993
        },
        "12": {
            "static": 0.361539,
            "dynamic": 0.202153,
            "guided": 0.226278
        },
        "14": {
            "static": 0.310557,
            "dynamic": 0.195453,
            "guided": 0.203879
        },
        "16": {
            "static": 0.358606,
            "dynamic": 0.188909,
            "guided": 0.198175
        },
        "18": {
            "static": 0.280842,
            "dynamic": 0.18276,
            "guided": 0.184873
        },
        "20": {
            "static": 0.255366,
            "dynamic": 0.183615,
            "guided": 0.18871
        }
    },
    "30000": {
        "1": {
            "static": 3.879676,
            "dynamic": 3.893062,
            "guided": 4.046599
        },
        "2": {
            "static": 1.942671,
            "dynamic": 1.945198,
            "guided": 1.954215
        },
        "4": {
            "static": 0.976501,
            "dynamic": 0.973357,
            "guided": 0.978419
        },
        "6": {
            "static": 0.658118,
            "dynamic": 0.660107,
            "guided": 0.65224
        },
        "8": {
            "static": 0.514097,
            "dynamic": 0.492275,
            "guided": 0.502587
        },
        "10": {
            "static": 0.856504,
            "dynamic": 0.466582,
            "guided": 0.553079
        },
        "12": {
            "static": 0.701881,
            "dynamic": 0.444297,
            "guided": 0.491328
        },
        "14": {
            "static": 0.692773,
            "dynamic": 0.431977,
            "guided": 0.449763
        },
        "16": {
            "static": 0.607182,
            "dynamic": 0.415254,
            "guided": 0.431039
        },
        "18": {
            "static": 0.67072,
            "dynamic": 0.403086,
            "guided": 0.402238
        },
        "20": {
            "static": 0.524608,
            "dynamic": 0.387231,
            "guided": 0.39448
        }
    },
    "40000": {
        "1": {
            "static": 6.880646,
            "dynamic": 6.908169,
            "guided": 6.919789
        },
        "2": {
            "static": 3.443029,
            "dynamic": 3.454799,
            "guided": 3.446024
        },
        "4": {
            "static": 1.729839,
            "dynamic": 1.727428,
            "guided": 1.728246
        },
        "6": {
            "static": 1.163557,
            "dynamic": 1.159946,
            "guided": 1.169835
        },
        "8": {
            "static": 0.927621,
            "dynamic": 0.874317,
            "guided": 0.881962
        },
        "10": {
            "static": 1.302355,
            "dynamic": 0.822321,
            "guided": 0.864544
        },
        "12": {
            "static": 1.291667,
            "dynamic": 0.778071,
            "guided": 0.876878
        },
        "14": {
            "static": 1.133212,
            "dynamic": 0.752928,
            "guided": 0.859681
        },
        "16": {
            "static": 1.049445,
            "dynamic": 0.726537,
            "guided": 0.772764
        },
        "18": {
            "static": 0.954358,
            "dynamic": 0.704651,
            "guided": 0.710524
        },
        "20": {
            "static": 0.901757,
            "dynamic": 0.686564,
            "guided": 0.716244
        }
    }
}